RA_CODE_2016,Sme_Usl_ad_5_yr_ago_as_2016_M,Sme_Usl_ad_5_yr_ago_as_2016_F,Sme_Usl_ad_5_yr_ago_as_2016_P,Dif_Usl_ad_5_yr_ago_Sme_SA2_M,Dif_Usl_ad_5_yr_ago_Sme_SA2_F,Dif_Usl_ad_5_yr_ago_Sme_SA2_P,Dif_Us_ad_5_ago_Dif_SA2_NSW_M,Dif_Us_ad_5_ago_Dif_SA2_NSW_F,Dif_Us_ad_5_ago_Dif_SA2_NSW_P,Dif_Us_ad_5_ago_Dif_SA2_Vic_M,Dif_Us_ad_5_ago_Dif_SA2_Vic_F,Dif_Us_ad_5_ago_Dif_SA2_Vic_P,Dif_Us_ad_5_ago_Dif_SA2_Qld_M,Dif_Us_ad_5_ago_Dif_SA2_Qld_F,Dif_Us_ad_5_ago_Dif_SA2_Qld_P,Dif_Us_ad_5_ago_Dif_SA2_SA_M,Dif_Us_ad_5_ago_Dif_SA2_SA_F,Dif_Us_ad_5_ago_Dif_SA2_SA_P,Dif_Us_ad_5_ago_Dif_SA2_WA_M,Dif_Us_ad_5_ago_Dif_SA2_WA_F,Dif_Us_ad_5_ago_Dif_SA2_WA_P,Dif_Us_ad_5_ago_Dif_SA2_Tas_M,Dif_Us_ad_5_ago_Dif_SA2_Tas_F,Dif_Us_ad_5_ago_Dif_SA2_Tas_P,Dif_Us_ad_5_ago_Dif_SA2_NT_M,Dif_Us_ad_5_ago_Dif_SA2_NT_F,Dif_Us_ad_5_ago_Dif_SA2_NT_P,Dif_Us_ad_5_ago_Dif_SA2_ACT_M,Dif_Us_ad_5_ago_Dif_SA2_ACT_F,Dif_Us_ad_5_ago_Dif_SA2_ACT_P,Dif_Us_ad_5_ago_Dif_SA2_OT_M,Dif_Us_ad_5_ago_Dif_SA2_OT_F,Dif_Us_ad_5_ago_Dif_SA2_OT_P,Dif_Us_ad_5_ago_Dif_SA2_Tot_M,Dif_Us_ad_5_ago_Dif_SA2_Tot_F,Dif_Us_ad_5_ago_Dif_SA2_Tot_P,Difnt_Usl_add_5_yr_ago_OS_M,Difnt_Usl_add_5_yr_ago_OS_F,Difnt_Usl_add_5_yr_ago_OS_P,Difnt_Usl_add_5_yr_ago_Ns_M,Difnt_Usl_add_5_yr_ago_Ns_F,Difnt_Usl_add_5_yr_ago_Ns_P,Difnt_Usl_add_5_yr_ago_Tot_M,Difnt_Usl_add_5_yr_ago_Tot_F,Difnt_Usl_add_5_yr_ago_Tot_P,N_stated_M,N_stated_F,N_stated_P,Tot_M,Tot_F,Tot_P
RA10,1366532,1429175,2795700,154733,159848,314585,597106,619201,1216309,13057,13059,26111,21625,22521,44145,4358,4431,8787,6045,5863,11908,1505,1599,3101,1822,1708,3532,6115,6253,12369,92,53,146,651716,674688,1326407,206305,215389,421695,14522,13235,27756,1027276,1063163,2090440,168236,166901,335136,2562044,2659236,5221279
RA11,354432,365039,719474,70046,76860,146901,126575,137453,264031,7591,8398,15986,11918,12338,24253,1314,1316,2630,2175,2264,4439,862,920,1786,1127,1153,2280,4574,4811,9383,46,32,74,156178,168695,324875,10887,12177,23070,3900,3906,7800,241012,261630,502646,60491,56950,117446,655943,683619,1339562
RA12,121298,118357,239660,22690,24512,47201,26111,27333,53441,2535,2620,5147,3764,3894,7649,592,627,1220,644,634,1279,190,183,376,363,360,721,843,917,1757,3,0,3,35039,36557,71596,2387,2631,5021,1081,1013,2095,61197,64712,125910,22561,21365,43925,205055,204436,409487
RA13,8308,7447,15757,1524,1620,3146,1464,1495,2963,135,127,270,244,264,511,40,48,89,51,42,90,27,32,58,27,16,38,12,14,24,3,0,3,2000,2039,4040,160,208,364,63,49,113,3750,3913,7666,1962,1779,3743,14021,13142,27165
RA14,1622,1500,3123,186,193,380,327,291,610,30,35,65,26,30,54,38,34,76,14,9,21,0,0,4,9,3,12,0,0,0,0,0,0,443,398,839,19,26,39,29,29,58,676,641,1318,465,337,806,2761,2486,5249
RA15,105,139,245,0,0,0,25,45,72,3,0,4,0,0,0,0,0,0,0,0,0,0,0,3,0,0,0,0,0,3,0,0,0,34,48,80,12,12,18,3,0,3,43,61,104,19,34,51,168,237,401
RA19,1027,548,1571,204,112,317,2027,1557,3584,158,168,325,297,255,549,47,42,84,81,57,142,28,19,44,16,19,38,47,36,82,0,0,0,2699,2145,4844,723,702,1430,104,66,170,3734,3027,6765,2403,1214,3613,7164,4788,11952
RA20,1108638,1167678,2276316,102828,107508,210339,21263,22551,43813,483779,501731,985505,16622,17741,34359,6929,7155,14082,8367,8582,16948,3587,3966,7554,1985,2041,4035,3364,3541,6904,79,26,101,545977,567333,1113309,179123,191144,370264,11039,10070,21104,838967,876058,1715024,134957,138014,272974,2082563,2181757,4264317
RA21,292503,299229,591727,52298,56926,109219,6527,7086,13605,97155,106415,203574,4809,4814,9619,1654,1792,3448,2055,2093,4148,876,987,1856,988,1004,1987,465,487,948,0,8,9,114524,124681,239207,8173,8911,17084,2452,2188,4646,177450,192708,370158,44697,43639,88339,514649,535574,1050220
RA22,68211,67482,135693,12091,13171,25265,1808,1954,3764,15419,16369,31784,1153,1189,2342,1029,1143,2167,571,582,1154,174,190,363,287,282,572,70,80,154,0,0,7,20513,21796,42311,1849,1953,3808,545,494,1036,35003,37416,72421,11393,11204,22597,114607,116101,230706
RA23,1028,960,1989,142,125,269,41,30,71,115,130,242,9,7,17,21,22,43,5,4,14,0,0,0,5,12,15,3,3,4,0,0,0,199,209,404,14,20,32,9,3,8,360,353,719,134,103,237,1521,1420,2942
RA25,12,0,7,0,0,0,0,0,0,6,0,6,0,0,0,0,0,0,3,0,5,0,0,0,0,0,0,0,0,0,0,0,0,16,0,13,0,0,0,0,0,0,16,0,13,3,0,3,28,4,29
RA29,534,315,849,155,88,242,121,100,227,1182,1019,2207,121,122,237,30,29,65,49,49,99,20,21,40,21,18,40,7,12,17,0,0,0,1557,1366,2915,459,487,945,62,48,110,2233,1988,4223,1355,772,2128,4117,3073,7193
RA30,634737,664220,1298956,72847,77967,150812,35538,37852,73390,15112,15749,30863,377571,399994,777566,4818,4870,9688,5892,5958,11851,2614,2996,5607,3151,3030,6177,3077,3204,6283,56,44,103,447831,473695,921533,87581,96335,183916,13058,11968,25026,621320,659964,1281291,94531,94601,189129,1350585,1418781,2769369
RA31,224214,225805,450017,33481,35826,69309,8309,8739,17047,3379,3643,7025,109310,118236,227553,1227,1257,2482,1924,1971,3894,788,911,1705,1473,1416,2888,436,429,865,11,16,32,126866,136620,263483,9736,10816,20555,3491,3418,6908,173581,186685,360264,40278,35569,75848,438072,448056,886130
RA32,155039,149636,304678,26303,27224,53533,6326,6050,12379,3916,3994,7905,69632,73918,143550,1380,1417,2793,2043,2035,4077,689,685,1371,2126,2125,4255,503,531,1032,4,5,9,86617,90756,177377,9076,10469,19547,2501,2231,4735,124503,130686,255187,34969,29809,64782,314513,310124,624641
RA33,18075,15786,33860,3954,3764,7717,716,613,1332,256,239,495,5440,5056,10493,133,92,227,166,134,301,51,47,103,138,136,278,26,23,50,0,0,0,6924,6346,13274,887,1000,1890,239,209,447,12003,11318,23327,5057,3715,8775,35142,30823,65962
RA34,14871,14010,28884,2142,2266,4408,378,339,721,135,137,267,3829,3809,7633,77,67,140,126,105,230,26,30,51,175,148,319,11,14,26,0,3,9,4759,4644,9409,351,430,784,294,245,537,7546,7585,15136,2300,1997,4289,24714,23588,48304
RA35,33,49,84,0,0,0,4,0,3,0,0,0,12,12,22,0,3,0,0,0,0,0,0,0,0,0,0,0,0,0,0,0,0,20,16,31,9,5,14,0,0,0,25,21,45,4,17,24,66,81,150
RA39,1044,637,1684,262,153,423,425,419,841,254,247,499,1987,1703,3689,85,88,165,146,127,276,57,58,117,42,40,82,24,23,48,0,0,0,3015,2704,5724,628,764,1394,103,52,159,4011,3681,7693,1703,1097,2804,6759,5414,12175
RA40,322441,338152,660594,26117,28176,54292,4904,4848,9751,4499,4657,9160,3558,3655,7213,127270,136706,263978,1771,1688,3458,517,593,1110,1763,1789,3557,691,650,1335,21,12,31,144983,154605,299587,33419,35384,68802,3401,3141,6540,207930,221297,429227,33803,34307,68112,564168,593760,1157932
RA41,59079,59542,118623,9149,10025,19176,719,747,1460,958,1039,1997,787,811,1603,18956,20575,39530,455,451,907,160,154,310,449,516,973,55,67,121,0,0,3,22541,24368,46908,1597,1667,3258,493,489,981,33777,36548,70324,7096,6848,13945,99957,102933,202887
RA42,51181,49314,100495,9743,10282,20026,527,501,1028,845,810,1659,561,529,1088,9399,9957,19354,449,428,880,66,66,138,363,367,728,21,24,47,3,3,9,12236,12689,24925,1142,1099,2246,408,328,733,23529,24402,47935,7950,6611,14565,82657,80330,162990
RA43,11925,11172,23098,3113,3072,6187,169,144,311,135,142,274,234,218,455,2596,2534,5131,156,166,327,39,47,89,93,95,188,6,8,16,0,0,0,3444,3357,6799,269,318,584,92,83,173,6914,6829,13740,2086,1645,3728,20921,19647,40568
RA44,3940,3326,7268,467,469,933,49,51,103,79,45,127,83,47,127,832,708,1540,66,50,115,7,7,13,67,66,131,3,8,12,0,0,0,1187,976,2165,99,122,229,52,44,97,1814,1611,3427,926,809,1738,6682,5745,12425
RA45,4,0,4,0,0,0,0,0,0,0,0,0,0,0,0,0,0,0,0,0,0,0,0,0,0,0,0,0,0,0,0,0,0,0,0,4,0,0,0,0,0,0,4,0,3,0,0,0,6,0,3
RA49,251,122,372,66,31,100,38,28,70,39,38,74,61,68,130,534,373,907,30,26,58,3,11,13,13,16,32,3,3,6,0,0,0,721,568,1288,151,111,263,23,10,30,958,720,1680,480,243,722,1688,1083,2774
RA50,437092,452589,889685,48654,50201,98858,7591,7394,14988,7092,7086,14176,6905,6812,13719,2644,2539,5183,223882,231623,455502,1160,1207,2364,1644,1575,3220,770,804,1569,127,92,219,251819,259128,510948,76766,79916,156679,5864,5149,11006,383105,394394,777495,63959,60337,124299,884160,907318,1791474
RA51,51560,51354,102915,10136,10922,21060,580,548,1129,599,600,1196,735,779,1518,270,267,536,22147,23688,45832,169,179,354,250,238,494,57,29,84,20,14,36,24823,26346,51168,3082,3443,6524,607,608,1211,38643,41317,79966,12199,8689,20892,102408,101363,203775
RA52,45421,43895,89315,8465,8861,17326,536,490,1030,495,498,991,706,665,1367,331,308,642,17554,18324,35871,202,217,418,186,200,392,26,38,67,8,4,12,20056,20741,40800,2775,2907,5682,528,449,972,31825,32957,64780,9491,7996,17486,86736,84839,171578
RA53,16000,13876,29880,6175,5814,11989,678,618,1290,577,551,1131,1000,931,1934,324,288,615,7470,7264,14735,138,119,264,261,234,496,28,20,43,10,10,20,10486,10034,20523,1716,1833,3546,267,252,519,18642,17939,36577,5790,4609,10401,40426,36426,76850
RA54,13774,10747,24521,3083,3038,6119,834,370,1205,655,379,1039,1482,635,2116,350,163,513,7924,4552,12480,138,72,211,319,253,573,18,15,38,7,7,7,11729,6443,18173,1740,1128,2865,615,509,1124,17164,11118,28286,6730,3249,9974,37666,25107,62776
RA55,143,9,147,4,0,4,5,0,12,0,0,3,13,0,11,4,3,5,99,6,100,3,0,3,0,0,0,0,0,0,0,0,0,129,12,140,56,3,63,0,0,0,187,18,206,73,8,80,408,26,434
RA59,493,234,725,99,64,166,138,128,265,99,102,201,209,192,399,50,55,102,915,594,1516,25,20,48,31,24,60,10,10,15,3,0,3,1484,1123,2609,309,278,593,45,32,77,1945,1495,3440,1023,611,1631,3452,2339,5795
RA61,88144,93949,182092,9230,10204,19430,1957,2091,4048,2213,2433,4648,2142,2401,4550,511,547,1058,1149,1186,2337,32891,36492,69378,285,278,564,221,241,464,11,9,14,41384,45676,87058,5079,5379,10459,917,834,1754,56603,62093,118703,11436,11745,23180,156183,167788,323975
RA62,45108,44126,89230,6222,6718,12940,1092,1166,2256,999,1013,2013,1462,1552,3014,332,344,681,824,873,1698,9849,10630,20485,173,173,344,81,61,147,4,3,11,14829,15816,30647,687,825,1513,353,332,687,22090,23689,45786,6025,5920,11949,73228,73742,146963
RA63,2122,1855,3977,402,424,825,86,82,169,74,63,142,121,113,227,31,30,63,77,57,132,331,358,696,17,21,31,3,0,3,0,0,3,747,728,1472,70,79,152,23,23,45,1239,1249,2491,394,394,792,3757,3505,7262
RA64,732,665,1402,148,137,284,33,23,61,48,54,99,41,31,69,8,3,4,11,5,23,66,69,136,7,0,6,0,0,3,0,0,0,214,196,407,19,20,35,0,3,7,379,352,736,108,107,212,1219,1123,2349
RA65,21,13,37,0,0,0,3,0,3,5,0,4,0,3,4,0,0,0,0,0,3,3,4,7,0,0,0,0,0,0,0,0,0,16,10,24,7,0,7,0,0,0,25,8,29,3,0,5,49,21,68
RA69,89,45,133,37,17,46,12,18,38,11,12,20,22,23,48,3,5,6,24,14,38,133,134,264,0,0,3,4,0,4,0,0,0,208,210,418,30,27,57,7,3,15,284,258,541,127,74,200,499,376,870
RA72,24727,23064,47789,1887,1839,3729,2397,1950,4347,2130,1896,4026,3707,2972,6680,1295,1194,2487,1979,1672,3653,260,236,495,12383,12097,24484,286,221,509,13,0,16,24445,22237,46683,5269,5434,10703,714,528,1242,32313,30043,62358,9717,6820,16532,66758,59922,126676
RA73,9047,8895,17940,1339,1322,2654,591,612,1206,549,553,1102,785,729,1512,496,493,993,277,262,539,62,76,141,2647,2741,5394,75,61,135,0,0,0,5492,5523,11018,1195,1351,2554,208,199,406,8229,8398,16627,3724,3043,6775,21004,20343,41341
RA74,14003,14283,28289,896,865,1759,333,314,652,285,341,622,681,586,1264,182,154,338,210,198,411,43,46,81,1031,1004,2041,16,18,30,5,0,3,2786,2657,5445,323,360,683,332,391,724,4336,4272,8610,2119,1689,3809,20465,20241,40708
RA75,39,5,42,0,0,0,0,0,0,0,0,0,0,0,0,0,0,0,0,0,0,0,0,0,0,0,0,0,0,0,0,0,0,4,0,4,3,4,8,0,0,0,4,4,8,14,3,19,61,14,70
RA79,231,159,395,48,34,79,98,92,188,78,91,176,126,124,242,48,31,82,60,69,135,5,8,16,121,106,223,0,11,13,0,0,0,541,528,1074,71,95,166,9,3,13,666,657,1326,389,307,691,1286,1118,2406
RA80,88161,93375,181540,4831,4874,9704,13359,14112,27469,3320,3358,6676,3554,3521,7073,1113,1110,2231,1068,1063,2133,383,418,803,628,639,1265,38208,38486,76695,26,32,52,61665,62739,124396,14073,15173,29246,1159,980,2139,81727,83763,165485,11331,11104,22434,181223,188245,369464
RA81,160,139,304,8,6,11,14,5,18,3,6,7,6,5,12,0,0,0,0,0,3,0,0,0,0,0,0,81,88,168,3,0,3,107,112,218,6,7,12,0,0,0,119,124,243,34,24,59,316,295,604
RA85,0,0,0,0,0,0,0,0,0,0,0,0,0,0,0,0,0,0,0,0,0,0,0,0,0,0,0,0,0,0,0,0,0,0,0,0,0,0,0,0,0,0,0,0,0,0,0,0,0,0,0
RA89,35,29,64,14,10,25,33,30,64,7,10,18,6,11,22,3,0,4,6,3,4,0,0,0,4,3,6,71,51,125,0,0,0,134,116,243,29,27,61,7,4,8,180,155,336,90,38,130,306,223,528
RA91,86,83,167,0,0,0,30,14,43,4,3,7,18,3,20,0,0,3,5,3,5,0,0,0,0,0,3,10,7,17,0,0,0,65,33,96,9,4,14,5,6,11,80,41,122,45,31,72,203,156,363
RA94,1123,1113,2232,125,154,283,75,61,131,13,11,29,54,38,92,13,13,23,100,84,181,4,3,10,8,4,11,14,17,31,4,0,5,285,234,512,79,98,181,7,11,18,496,496,993,474,205,676,2093,1813,3901
RA95,4,0,4,0,0,0,0,0,0,0,0,0,0,0,0,0,0,0,0,0,0,0,0,0,0,0,0,0,0,0,0,0,0,3,0,4,0,0,0,0,0,0,3,0,4,0,0,0,3,0,6
RA99,6,4,14,0,0,0,0,3,3,0,3,5,4,3,3,0,0,0,0,0,3,0,0,0,0,0,3,0,0,0,0,0,0,10,14,21,0,9,11,0,0,0,8,21,29,3,7,5,21,32,52