GCCSA_CODE_2016,Sme_Usl_ad_5_yr_ago_as_2016_M,Sme_Usl_ad_5_yr_ago_as_2016_F,Sme_Usl_ad_5_yr_ago_as_2016_P,Dif_Usl_ad_5_yr_ago_Sme_SA2_M,Dif_Usl_ad_5_yr_ago_Sme_SA2_F,Dif_Usl_ad_5_yr_ago_Sme_SA2_P,Dif_Us_ad_5_ago_Dif_SA2_NSW_M,Dif_Us_ad_5_ago_Dif_SA2_NSW_F,Dif_Us_ad_5_ago_Dif_SA2_NSW_P,Dif_Us_ad_5_ago_Dif_SA2_Vic_M,Dif_Us_ad_5_ago_Dif_SA2_Vic_F,Dif_Us_ad_5_ago_Dif_SA2_Vic_P,Dif_Us_ad_5_ago_Dif_SA2_Qld_M,Dif_Us_ad_5_ago_Dif_SA2_Qld_F,Dif_Us_ad_5_ago_Dif_SA2_Qld_P,Dif_Us_ad_5_ago_Dif_SA2_SA_M,Dif_Us_ad_5_ago_Dif_SA2_SA_F,Dif_Us_ad_5_ago_Dif_SA2_SA_P,Dif_Us_ad_5_ago_Dif_SA2_WA_M,Dif_Us_ad_5_ago_Dif_SA2_WA_F,Dif_Us_ad_5_ago_Dif_SA2_WA_P,Dif_Us_ad_5_ago_Dif_SA2_Tas_M,Dif_Us_ad_5_ago_Dif_SA2_Tas_F,Dif_Us_ad_5_ago_Dif_SA2_Tas_P,Dif_Us_ad_5_ago_Dif_SA2_NT_M,Dif_Us_ad_5_ago_Dif_SA2_NT_F,Dif_Us_ad_5_ago_Dif_SA2_NT_P,Dif_Us_ad_5_ago_Dif_SA2_ACT_M,Dif_Us_ad_5_ago_Dif_SA2_ACT_F,Dif_Us_ad_5_ago_Dif_SA2_ACT_P,Dif_Us_ad_5_ago_Dif_SA2_OT_M,Dif_Us_ad_5_ago_Dif_SA2_OT_F,Dif_Us_ad_5_ago_Dif_SA2_OT_P,Dif_Us_ad_5_ago_Dif_SA2_Tot_M,Dif_Us_ad_5_ago_Dif_SA2_Tot_F,Dif_Us_ad_5_ago_Dif_SA2_Tot_P,Difnt_Usl_add_5_yr_ago_OS_M,Difnt_Usl_add_5_yr_ago_OS_F,Difnt_Usl_add_5_yr_ago_OS_P,Difnt_Usl_add_5_yr_ago_Ns_M,Difnt_Usl_add_5_yr_ago_Ns_F,Difnt_Usl_add_5_yr_ago_Ns_P,Difnt_Usl_add_5_yr_ago_Tot_M,Difnt_Usl_add_5_yr_ago_Tot_F,Difnt_Usl_add_5_yr_ago_Tot_P,N_stated_M,N_stated_F,N_stated_P,Tot_M,Tot_F,Tot_P
9OTER,1211,1194,2402,130,154,281,100,72,176,25,16,38,69,43,108,13,12,22,100,85,185,7,3,8,8,3,19,22,27,50,4,0,5,348,259,611,84,105,186,10,15,27,572,537,1109,515,231,750,2295,1970,4261
99799,4,0,4,0,0,0,0,0,0,0,0,0,0,0,0,0,0,0,0,0,0,0,0,0,0,0,0,0,0,0,0,0,0,3,0,4,0,0,0,0,0,0,3,0,4,0,0,0,3,0,6
99499,6,4,14,0,0,0,0,3,3,0,3,5,4,3,3,0,0,0,0,0,3,0,0,0,0,0,3,0,0,0,0,0,0,10,14,21,0,9,11,0,0,0,8,21,29,3,7,5,21,32,52
8ACTE,88330,93519,181846,4839,4874,9712,13370,14123,27491,3328,3362,6688,3563,3525,7086,1113,1111,2228,1070,1064,2136,383,418,803,628,644,1266,38288,38576,76862,27,30,58,61771,62850,124620,14077,15185,29261,1165,980,2137,81850,83884,165732,11364,11130,22492,181533,188539,370069
89799,0,0,0,0,0,0,0,0,0,0,0,0,0,0,0,0,0,0,0,0,0,0,0,0,0,0,0,0,0,0,0,0,0,0,0,0,0,0,0,0,0,0,0,0,0,0,0,0,0,0,0
89499,35,29,64,14,10,25,33,30,64,7,10,18,6,11,22,3,0,4,6,3,4,0,0,0,4,3,6,71,51,125,0,0,0,134,116,243,29,27,61,7,4,8,180,155,336,90,38,130,306,223,528
7RNTE,23047,23183,46231,2229,2190,4416,928,933,1859,832,890,1725,1472,1310,2784,682,645,1333,491,462,953,104,116,220,3679,3750,7428,84,75,159,5,3,7,8282,8184,16463,1524,1716,3237,537,587,1125,12570,12672,25239,5849,4733,10579,41464,40587,82052
7GDAR,24727,23064,47789,1887,1839,3729,2397,1950,4347,2130,1896,4026,3707,2972,6680,1295,1194,2487,1979,1672,3653,260,236,495,12383,12097,24484,286,221,509,13,0,16,24445,22237,46683,5269,5434,10703,714,528,1242,32313,30043,62358,9717,6820,16532,66758,59922,126676
79799,39,5,42,0,0,0,0,0,0,0,0,0,0,0,0,0,0,0,0,0,0,0,0,0,0,0,0,0,0,0,0,0,0,4,0,4,3,4,8,0,0,0,4,4,8,14,3,19,61,14,70
79499,231,159,395,48,34,79,98,92,188,78,91,176,126,124,242,48,31,82,60,69,135,5,8,16,121,106,223,0,11,13,0,0,0,541,528,1074,71,95,166,9,3,13,666,657,1326,389,307,691,1286,1118,2406
6RTAS,78939,79822,158765,9958,10855,20812,1869,1927,3802,1848,1891,3738,2386,2531,4917,576,578,1154,1403,1454,2851,22004,24527,46527,259,280,534,129,112,236,7,9,18,30471,33295,63771,2370,2475,4844,683,612,1294,43474,47241,90715,10708,11007,21712,133123,138071,271193
6GHOB,57166,60773,117941,6040,6626,12672,1309,1433,2741,1493,1676,3164,1380,1564,2944,313,347,660,657,673,1330,21140,23030,44171,221,192,412,174,198,372,11,7,16,26694,29121,55812,3494,3824,7316,615,582,1195,36844,40154,76996,7263,7158,14425,101270,108089,209354
69799,21,13,37,0,0,0,3,0,3,5,0,4,0,3,4,0,0,0,0,0,3,3,4,7,0,0,0,0,0,0,0,0,0,16,10,24,7,0,7,0,0,0,25,8,29,3,0,5,49,21,68
69499,89,45,133,37,17,46,12,18,38,11,12,20,22,23,48,3,5,6,24,14,38,133,134,264,0,0,3,4,0,4,0,0,0,208,210,418,30,27,57,7,3,15,284,258,541,127,74,200,499,376,870
5RWAU,120394,113848,234247,27359,28059,55413,2504,1972,4476,2228,1971,4195,3798,2921,6723,1248,1003,2254,52062,50868,102934,630,567,1203,972,902,1877,110,99,211,33,33,74,63599,60338,123934,9055,9027,18082,1945,1760,3699,101951,99182,201131,30554,23375,53929,252904,236409,489308
5GPER,443462,458608,902063,49156,50778,99930,7723,7446,15168,7186,7149,14334,7037,6896,13931,2676,2562,5234,226906,234578,461485,1179,1229,2403,1690,1608,3294,789,808,1598,127,93,222,255310,262362,517676,77020,80198,157223,5937,5203,11138,387426,398538,785966,67613,61503,129117,898498,918654,1817151
59799,143,9,147,4,0,4,5,0,12,0,0,3,13,0,11,4,3,5,99,6,100,3,0,3,0,0,0,0,0,0,0,0,0,129,12,140,56,3,63,0,0,0,187,18,206,73,8,80,408,26,434
59499,493,234,725,99,64,166,138,128,265,99,102,201,209,192,399,50,55,102,915,594,1516,25,20,48,31,24,60,10,10,15,3,0,3,1484,1123,2609,309,278,593,45,32,77,1945,1495,3440,1023,611,1631,3452,2339,5795
4RSAU,107249,104582,211829,20467,21778,42248,1245,1208,2455,1832,1808,3640,1443,1370,2811,25489,26901,52396,1010,978,1992,233,245,481,855,912,1768,70,75,150,7,3,11,32183,33514,65693,2687,2754,5439,913,799,1709,56246,58839,115090,16243,14075,30316,179738,177494,357237
4GADE,341319,356926,698246,28121,30254,58370,5125,5076,10206,4692,4888,9580,3776,3892,7671,133567,143574,277137,1889,1812,3700,550,631,1179,1879,1923,3809,705,673,1377,21,12,31,152207,162474,314682,33848,35834,69678,3539,3284,6821,217712,231847,449563,35622,36142,71759,594652,624913,1219568
49799,4,0,4,0,0,0,0,0,0,0,0,0,0,0,0,0,0,0,0,0,0,0,0,0,0,0,0,0,0,0,0,0,0,0,0,4,0,0,0,0,0,0,4,0,3,0,0,0,6,0,3
49499,251,122,372,66,31,100,38,28,70,39,38,74,61,68,130,534,373,907,30,26,58,3,11,13,13,16,32,3,3,6,0,0,0,721,568,1288,151,111,263,23,10,30,958,720,1680,480,243,722,1688,1083,2774
3RQLD,540888,544261,1085150,85037,89331,174369,30179,31891,62073,13510,14334,27847,276689,298469,575159,4255,4401,8658,6247,6292,12542,2633,2969,5605,4573,4564,9139,1891,2026,3918,34,38,72,340024,364994,705011,40625,45787,86415,9915,9322,19238,475601,509432,985031,104932,96387,201316,1121422,1150079,2271501
3GBRI,506042,525194,1031241,53705,57716,111418,21096,21696,42791,9286,9428,18711,289095,302537,591633,3380,3294,6674,3905,3911,7811,1533,1701,3236,2486,2298,4781,2162,2175,4333,40,30,76,332981,347066,680055,67006,73263,140274,9666,8752,18415,463357,486799,950163,72203,69303,141501,1041602,1081302,2122904
39799,33,49,84,0,0,0,4,0,3,0,0,0,12,12,22,0,3,0,0,0,0,0,0,0,0,0,0,0,0,0,0,0,0,20,16,31,9,5,14,0,0,0,25,21,45,4,17,24,66,81,150
39499,1044,637,1684,262,153,423,425,419,841,254,247,499,1987,1703,3689,85,88,165,146,127,276,57,58,117,42,40,82,24,23,48,0,0,0,3015,2704,5724,628,764,1394,103,52,159,4011,3681,7693,1703,1097,2804,6759,5414,12175
2RVIC,373929,383807,757736,67396,73405,140806,8711,9525,18239,121325,133262,254589,6254,6390,12648,2860,3115,5979,2795,2862,5658,1178,1321,2501,1348,1363,2708,609,645,1253,4,5,15,145082,158503,303591,12668,13283,25949,3278,2909,6189,228433,248102,476528,58768,57122,115889,661128,689028,1350155
2GMEL,1096453,1151547,2247996,99960,104328,204287,20928,22097,43024,475147,491377,966519,16328,17363,33688,6773,6990,13763,8202,8400,16605,3457,3816,7280,1919,1973,3889,3297,3466,6765,76,28,105,536131,555514,1091642,176496,188746,365244,10761,9849,20609,823346,858437,1681782,132414,135840,268256,2052217,2145820,4198037
29799,12,0,7,0,0,0,0,0,0,6,0,6,0,0,0,0,0,0,3,0,5,0,0,0,0,0,0,0,0,0,0,0,0,16,0,13,0,0,0,0,0,0,16,0,13,3,0,3,28,4,29
29499,534,315,849,155,88,242,121,100,227,1182,1019,2207,121,122,237,30,29,65,49,49,99,20,21,40,21,18,40,7,12,17,0,0,0,1557,1366,2915,459,487,945,62,48,110,2233,1988,4223,1355,772,2128,4117,3073,7193
1RNSW,677976,693573,1371549,120947,130964,251916,233244,252435,485679,12239,13250,25480,22711,23793,46504,2613,2664,5275,3854,3939,7792,1454,1530,2976,2088,2117,4204,7425,7790,15213,69,55,125,285681,307570,593253,24557,26014,50570,7240,7095,14338,438426,471647,910069,105675,101619,207298,1222081,1266843,2488918
1GSYD,1174217,1227942,2402160,128232,132074,260304,518339,533337,1051673,11111,10983,22100,14868,15251,30114,3734,3789,7524,5078,4869,9943,1137,1203,2338,1258,1130,2386,4115,4211,8318,66,34,104,559694,574806,1134501,195204,204409,399617,12359,11127,23485,895491,922415,1817909,148037,145721,293756,2217743,2296079,4513818
19799,105,139,245,0,0,0,25,45,72,3,0,4,0,0,0,0,0,0,0,0,0,0,0,3,0,0,0,0,0,3,0,0,0,34,48,80,12,12,18,3,0,3,43,61,104,19,34,51,168,237,401
19499,1027,548,1571,204,112,317,2027,1557,3584,158,168,325,297,255,549,47,42,84,81,57,142,28,19,44,16,19,38,47,36,82,0,0,0,2699,2145,4844,723,702,1430,104,66,170,3734,3027,6765,2403,1214,3613,7164,4788,11952